loss,accuracy,auc,recall,precision
0.05951065197587013,0.9803390502929688,0.9874024391174316,0.8141993880271912,0.9668161273002625
0.06347429007291794,0.9793664216995239,0.9879834055900574,0.903323233127594,0.8761904835700989
0.07587659358978271,0.9726274609565735,0.9888874292373657,0.9312688708305359,0.802734375
0.06816250830888748,0.9787411689758301,0.9872109889984131,0.8980362415313721,0.8742647171020508
