loss,accuracy,auc,recall,precision
0.11106907576322556,0.9594970126441573,0.9894417579521841,0.5770392749244713,0.9707750952986023
0.10992355644702911,0.9628317354453244,0.9901228742744737,0.6238670694864048,0.9571263035921205
0.14769688248634338,0.9663748784215646,0.981978170067288,0.7560422960725075,0.8614457831325302
0.1316974014043808,0.9701264415728776,0.9855073309648027,0.7605740181268882,0.8991071428571429
