loss,accuracy,auc,recall,precision
0.0557863712310791,0.9818674325942993,0.9903725385665894,0.8300604224205017,0.9682819247245789
0.06230608746409416,0.9808253645896912,0.9902096390724182,0.921450138092041,0.8764367699623108
0.07342372089624405,0.978671669960022,0.9887353181838989,0.9274924397468567,0.8533703684806824
0.06601336598396301,0.9804084897041321,0.9894822239875793,0.9138972759246826,0.8780841827392578
