loss,accuracy,auc,recall,precision
0.1618712693452835,0.9526886343955994,0.933929443359375,0.6457703709602356,0.8013120889663696
0.4158421754837036,0.8125607967376709,0.9380284547805786,0.9093655347824097,0.31835007667541504
0.4057585895061493,0.8186049461364746,0.9238035082817078,0.8950151205062866,0.3240360915660858
0.33287590742111206,0.8653605580329895,0.938090443611145,0.8776435256004333,0.39550715684890747
