loss,accuracy,auc,recall,precision
0.07517090439796448,0.9736001111574267,0.9877730764163221,0.7507552870090635,0.9521072796934866
0.0772990807890892,0.9730443240238988,0.9849780521801039,0.8429003021148036,0.8611111111111112
0.09809015691280365,0.9652633041545088,0.9759695065150005,0.81797583081571,0.8070044709388972
0.10463833063840866,0.9638738363206891,0.9732766511718217,0.8134441087613293,0.7977777777777778
